{
    "model": "ARIMA(3, 1, 7)+trend",
    "aic": 1147.180346463929,
    "rmse": 12.576403829506761,
    "mae": 10.295487731932262,
    "mape": 13.420628165115039
}