{
    "model": "ARIMA(3, 1, 7)+trend",
    "aic": 1147.180346463929,
    "rmse": 12.576403829506761
}