{
    "model": "LSTM (tuned)",
    "rmse": 2.2711540816967,
    "mae": 1.7963242187499986,
    "mape": 2.4686423396792234
}