{
    "model": "Prophet",
    "rmse": 11.181024794357965,
    "mae": 9.892085999842893,
    "mape": 13.645760048703886
}